ID,sensor,tiempo,actividad,evento,exito
418,1,52393,1,0,0
419,1,39066,1,0,0
421,1,34027,1,0,0
420,1,41306,1,0,0
422,1,39067,1,0,0
422,1,39325,2,0,0
418,0,266655,1,0,0
419,1,261215,2,0,0
419,1,261230,3,0,0
419,1,261520,4,0,0
418,0,289587,2,0,0
418,0,289779,3,0,0
419,1,281334,5,1,1
419,0,290216,1,0,0
419,0,290240,2,0,0
419,0,290506,3,0,0
419,0,290618,4,0,0
419,0,291619,5,1,1
418,0,317959,4,0,0
418,0,318841,5,1,1
420,1,311445,2,0,0
420,1,311468,3,0,0
420,1,311655,4,0,0
420,1,312886,5,1,1
422,0,310747,1,0,0
422,0,311117,2,0,0
422,0,311153,3,0,0
422,0,311192,4,0,0
422,0,312004,5,1,1
419,1,336538,6,1,1
419,1,336893,7,1,1
419,1,337635,8,1,1
418,0,362670,6,1,1
418,0,363227,7,1,1
422,0,353798,6,1,1
422,0,354200,7,1,1
419,0,365503,6,1,1
419,0,365661,7,1,1
419,0,365712,8,1,1
419,0,365847,9,1,1
421,0,360081,1,0,0
419,0,367268,10,2,2
421,0,364431,2,0,0
420,0,371203,1,0,0
421,1,374925,2,0,0
421,1,374941,3,0,0
421,1,375364,4,0,0
421,1,376257,5,1,1
421,1,378756,6,1,1
421,1,378791,7,1,1
418,1,407885,2,0,0
418,1,407932,3,0,0
418,1,408097,4,0,0
420,0,389997,2,0,0
420,0,390264,3,0,0
420,0,390435,4,0,0
418,1,409062,5,1,1
418,1,409089,6,1,1
418,1,409202,7,1,1
420,0,391305,5,1,1
420,0,391458,6,1,1
420,0,391516,7,1,1
420,0,391683,8,1,1
420,0,391778,9,1,1
420,0,392144,10,1,1
420,0,392255,11,1,1
420,0,392361,12,1,1
420,0,392534,13,1,1
420,0,392827,14,1,1
421,0,401071,3,0,0
420,1,412904,6,1,1
420,1,412939,7,1,1
420,1,413133,8,1,1
420,1,413434,9,1,1
420,1,417934,10,2,2
422,1,413945,3,0,0
422,1,413988,4,0,0
422,1,414905,5,1,1
421,1,425970,8,1,1
422,0,426635,8,1,1
422,0,427786,9,1,1
419,0,440148,11,2,2
421,0,435287,4,0,0
419,0,443006,12,2,2
422,0,434380,10,2,2
420,1,446826,11,2,2
420,1,446875,12,2,2
419,0,449783,13,2,2
419,0,449861,14,2,2
422,1,448622,6,1,1
422,1,449094,7,1,1
422,1,449258,8,1,1
422,1,449355,9,1,1
422,1,450262,10,2,2
420,0,463669,15,1,1
419,1,481670,9,1,1
419,1,482581,10,2,2
420,0,500472,16,1,1
420,0,501459,17,1,1
420,1,504801,13,2,2
422,0,513302,11,2,2
422,1,517223,11,2,2
418,1,563804,8,1,1
418,1,563984,9,1,1
418,1,564117,10,1,1
418,1,564184,11,1,1
418,1,565113,12,2,2
419,0,568033,15,3,3
419,0,568155,16,3,3
419,0,568908,17,3,3
419,0,571167,18,3,3
419,0,571537,19,3,3
419,0,572024,20,3,3
419,0,572723,21,3,3
419,0,573059,22,3,3
419,0,573171,23,3,3
419,0,573414,24,3,3
419,0,573518,25,3,3
419,0,573627,26,3,3
419,0,573989,27,3,3
419,0,574105,28,3,3
419,0,574434,29,3,3
419,0,574619,30,3,3
419,0,574739,31,3,3
419,0,574851,32,3,3
419,0,575121,33,3,3
419,0,575229,34,3,3
419,0,575341,35,3,3
419,0,575712,36,3,3
419,0,575827,37,3,3
419,0,576214,38,3,3
419,0,576322,39,3,3
419,0,576438,40,3,3
419,0,576693,41,3,3
419,0,576800,42,3,3
419,0,576924,43,3,3
419,0,577040,44,3,3
419,0,577318,45,3,3
419,0,577430,46,3,3
419,0,577585,47,3,3
419,0,577831,48,3,3
419,0,577959,49,3,3
419,0,578094,50,3,3
419,0,578222,51,3,3
419,0,578307,52,3,3
419,0,578599,53,3,3
419,0,578712,54,3,3
419,0,578863,55,3,3
419,0,578978,56,3,3
419,0,579102,57,3,3
419,0,579249,58,3,3
419,0,579364,59,3,3
419,0,579492,60,3,3
419,0,579589,61,3,3
419,0,579759,62,3,3
419,0,579878,63,3,3
419,0,579990,64,3,3
419,0,580122,65,3,3
419,0,580257,66,3,3
419,0,580373,67,3,3
419,0,580493,68,3,3
419,0,580628,69,3,3
419,0,580755,70,3,3
419,0,581010,71,3,3
419,0,581122,72,3,3
419,0,581234,73,3,3
420,0,580066,18,1,1
419,0,581377,74,3,3
419,0,581505,75,3,3
419,0,581627,76,3,3
419,0,581747,77,3,3
419,0,582180,78,3,3
419,0,582316,79,3,3
419,0,582431,80,3,3
420,0,581666,19,2,2
419,0,582863,81,3,3
419,0,582972,82,3,3
420,0,582013,20,2,2
420,0,582460,21,2,2
420,0,582811,22,2,2
420,0,582887,23,2,2
420,0,583550,24,2,2
420,0,583909,25,2,2
420,0,584004,26,2,2
420,0,584199,27,2,2
420,0,586102,28,2,2
419,0,593082,83,3,3
419,0,593189,84,3,3
419,0,602130,85,3,3
422,1,610401,12,2,2
422,1,610759,13,2,2
418,0,637535,8,1,1
422,1,611192,14,2,2
418,0,640433,9,1,1
419,1,641392,11,2,2
419,1,641554,12,2,2
419,1,641673,13,2,2
419,1,641794,14,2,2
419,1,642667,15,3,3
420,1,642415,14,2,2
419,0,649817,86,3,3
422,1,672628,15,3,3
422,0,690335,12,2,2
422,0,691100,13,2,2
422,0,691206,14,2,2
422,0,692143,15,3,3
422,0,692361,16,3,3
422,0,692474,17,3,3
422,0,692602,18,3,3
422,0,692891,19,3,3
422,0,693001,20,3,3
422,0,693122,21,3,3
422,0,693469,22,3,3
422,0,693590,23,3,3
418,1,744198,13,2,2
418,1,745267,14,2,2
418,1,745486,15,2,2
418,1,746312,16,2,2
420,1,727654,15,3,3
418,1,747844,17,3,3
419,1,739891,16,3,3
418,0,804593,10,2,2
418,0,812627,11,2,2
422,0,808868,24,3,3
422,0,809324,25,3,3
420,1,834515,16,3,3
422,0,846390,26,3,3
422,0,846498,27,3,3
422,0,847416,28,4,4
422,0,847459,29,4,4
422,0,847594,30,4,4
419,0,858520,87,4,4
422,1,869231,16,3,3
419,1,906729,17,3,3
418,0,941360,12,2,2
419,1,924231,18,3,3
421,0,929469,5,1,1
421,1,970926,9,1,1
422,0,968765,31,4,4
422,0,969140,32,4,4
419,0,1015583,88,4,4
422,1,1006929,17,3,3
419,0,1016375,89,4,4
420,0,1021915,29,2,2
420,0,1023505,30,2,2
421,0,1055897,6,1,1
422,0,1060074,33,4,4
422,0,1060374,34,4,4
422,0,1121052,35,5,5
422,0,1121250,36,5,5
422,0,1121348,37,5,5
422,0,1121448,38,5,5
422,0,1121558,39,5,5
422,0,1121683,40,5,5
422,0,1121793,41,5,5
422,0,1123914,42,5,5
422,0,1124191,43,5,5
422,0,1124300,44,5,5
422,0,1124413,45,5,5
422,0,1124768,46,5,5
422,0,1124870,47,5,5
422,0,1124975,48,5,5
422,0,1125084,49,5,5
418,1,1156631,18,3,3
420,1,1136894,17,3,3
422,0,1134427,50,5,5
422,0,1135293,51,5,5
422,0,1135386,52,5,5
422,0,1135492,53,5,5
422,0,1135593,54,5,5
422,0,1135718,55,5,5
422,0,1135819,56,5,5
422,0,1135925,57,5,5
420,1,1145623,18,3,3
422,0,1204533,58,5,5
422,0,1204731,59,5,5
422,0,1205551,60,5,5
422,0,1205660,61,5,5
422,0,1206557,62,6,6
422,0,1206569,63,6,6
422,0,1206678,64,6,6
422,0,1206791,65,6,6
422,0,1206908,66,6,6
422,0,1207053,67,6,6
422,0,1207170,68,6,6
422,0,1207267,69,6,6
422,0,1281495,70,6,6
422,0,1281592,71,6,6
422,0,1281693,72,6,6
420,1,1302032,19,3,3
420,1,1303366,20,4,4
420,1,1304469,21,4,4
418,1,1363474,19,3,3
422,0,1358224,73,6,6
422,0,1359200,74,7,7
422,0,1417882,75,7,7
422,0,1418140,76,7,7
422,1,1429710,18,3,3
422,1,1429898,19,3,3
422,0,1458917,77,7,7
422,0,1459018,78,7,7
422,0,1459912,79,8,8
422,0,1473756,80,8,8
422,0,1473861,81,8,8
422,0,1474037,82,8,8
422,0,1476276,83,8,8
422,0,1476486,84,8,8
422,0,1476841,85,8,8
422,0,1476951,86,8,8
422,0,1477075,87,8,8
422,0,1477324,88,8,8
422,0,1477446,89,8,8
422,0,1477574,90,8,8
422,0,1479275,91,8,8
422,0,1479392,92,8,8
422,0,1479505,93,8,8
422,0,1479767,94,8,8
422,0,1480677,95,9,9
422,0,1480691,96,9,9
422,0,1480824,97,9,9
422,0,1480956,98,9,9
422,0,1481090,99,9,9
422,0,1481370,100,9,9
422,0,1481495,101,9,9
422,0,1481619,102,9,9
422,0,1481733,103,9,9
422,0,1482295,104,9,9
422,0,1482416,105,9,9
422,0,1482541,106,9,9
422,0,1483071,107,9,9
422,0,1483336,108,9,9
420,0,1490795,31,2,2
422,0,1483582,109,9,9
422,0,1483750,110,9,9
420,0,1491043,32,2,2
422,0,1483871,111,9,9
422,0,1484128,112,9,9
422,0,1484304,113,9,9
422,0,1484515,114,9,9
420,0,1492228,33,3,3
420,0,1492537,34,3,3
420,0,1492770,35,3,3
420,0,1492870,36,3,3
420,0,1493159,37,3,3
420,0,1493235,38,3,3
420,0,1493330,39,3,3
420,0,1493445,40,3,3
420,0,1493682,41,3,3
420,0,1493788,42,3,3
420,0,1493975,43,3,3
420,0,1494226,44,3,3
420,0,1494337,45,3,3
420,0,1494684,46,3,3
420,0,1494791,47,3,3
420,0,1495157,48,3,3
420,0,1495260,49,3,3
420,0,1495600,50,3,3
420,0,1495703,51,3,3
420,0,1495797,52,3,3
420,0,1496057,53,3,3
420,0,1496283,54,3,3
420,0,1496385,55,3,3
420,0,1496652,56,3,3
420,0,1496762,57,3,3
420,0,1496877,58,3,3
420,0,1497228,59,3,3
420,0,1497338,60,3,3
420,0,1497449,61,3,3
420,0,1497723,62,3,3
420,0,1497830,63,3,3
420,0,1497940,64,3,3
420,0,1498155,65,3,3
420,0,1498284,66,3,3
420,0,1498398,67,3,3
420,0,1498513,68,3,3
420,0,1498913,69,3,3
420,0,1499020,70,3,3
420,0,1499127,71,3,3
420,0,1499489,72,3,3
420,0,1499595,73,3,3
420,0,1499668,74,3,3
420,0,1499984,75,3,3
420,0,1500096,76,3,3
420,0,1500198,77,3,3
420,0,1500416,78,3,3
420,0,1500485,79,3,3
420,0,1500591,80,3,3
420,0,1500709,81,3,3
421,1,1508814,10,1,1
422,1,1519216,20,4,4
422,1,1519968,21,4,4
422,1,1520261,22,4,4
422,1,1520601,23,4,4
422,1,1520713,24,4,4
422,1,1520858,25,4,4
422,1,1521119,26,4,4
422,1,1521455,27,4,4
422,1,1521728,28,4,4
422,1,1521837,29,4,4
422,1,1521977,30,4,4
422,1,1522121,31,4,4
422,1,1522270,32,4,4
422,1,1522465,33,4,4
422,1,1522508,34,4,4
422,1,1522903,35,4,4
422,1,1523043,36,4,4
422,1,1524130,37,4,4
422,1,1524272,38,4,4
422,1,1524684,39,4,4
422,1,1524950,40,4,4
422,1,1525083,41,4,4
422,1,1525165,42,4,4
422,1,1525976,43,4,4
422,0,1575680,115,9,9
422,0,1575785,116,9,9
422,0,1575917,117,9,9
422,0,1576132,118,9,9
422,0,1577046,119,10,10
422,0,1577174,120,10,10
422,0,1577294,121,10,10
422,0,1577412,122,10,10
422,0,1577529,123,10,10
422,0,1577657,124,10,10
422,0,1577790,125,10,10
422,0,1577934,126,10,10
422,0,1578067,127,10,10
422,0,1578195,128,10,10
422,0,1578324,129,10,10
422,0,1578449,130,10,10
422,0,1578574,131,10,10
422,0,1578719,132,10,10
422,0,1578859,133,10,10
422,0,1578988,134,10,10
422,0,1579241,135,10,10
422,0,1579370,136,10,10
422,0,1579495,137,10,10
422,0,1579616,138,10,10
422,0,1579776,139,10,10
422,0,1579900,140,10,10
422,0,1580037,141,10,10
422,0,1582908,142,10,10
422,0,1583665,143,10,10
422,0,1583770,144,10,10
422,0,1583891,145,10,10
422,0,1584020,146,10,10
422,0,1584152,147,10,10
422,0,1584273,148,10,10
422,0,1584391,149,10,10
422,0,1584523,150,10,10
422,0,1584640,151,10,10
422,0,1584757,152,10,10
422,0,1584886,153,10,10
422,0,1585120,154,10,10
422,0,1585236,155,10,10
422,0,1585378,156,10,10
422,0,1585584,157,10,10
422,0,1585709,158,10,10
422,0,1594708,159,10,10
422,0,1594818,160,10,10
422,0,1594919,161,10,10
422,0,1595064,162,10,10
422,0,1595181,163,10,10
422,0,1595294,164,10,10
422,0,1595430,165,10,10
422,0,1595524,166,10,10
422,0,1595644,167,10,10
422,0,1595769,168,10,10
422,0,1595883,169,10,10
422,0,1596955,170,10,10
422,0,1597073,171,10,10
422,0,1597229,172,10,10
422,0,1597365,173,10,10
422,0,1598302,174,11,11
422,0,1598667,175,11,11
422,0,1598824,176,11,11
422,0,1598910,177,11,11
422,0,1599167,178,11,11
422,0,1599315,179,11,11
422,0,1599495,180,11,11
422,0,1599654,181,11,11
422,0,1599811,182,11,11
422,0,1599924,183,11,11
422,0,1600076,184,11,11
422,0,1600229,185,11,11
422,0,1600354,186,11,11
422,0,1600482,187,11,11
422,0,1600720,188,11,11
422,0,1600837,189,11,11
422,0,1600977,190,11,11
422,0,1601586,191,11,11
422,0,1601691,192,11,11
422,0,1601820,193,11,11
422,0,1601952,194,11,11
422,0,1604289,195,11,11
422,0,1604407,196,11,11
422,0,1604532,197,11,11
422,0,1604636,198,11,11
422,0,1604750,199,11,11
422,0,1605073,200,11,11
418,1,1705940,20,3,3
418,1,1714309,21,3,3
422,0,1717294,201,11,11
422,0,1717410,202,11,11
422,0,1717523,203,11,11
422,0,1717730,204,11,11
422,0,1718772,205,12,12
422,0,1718943,206,12,12
422,0,1719064,207,12,12
422,0,1719185,208,12,12
422,0,1719294,209,12,12
422,0,1719427,210,12,12
422,0,1719543,211,12,12
422,0,1719681,212,12,12
422,0,1719805,213,12,12
422,0,1719938,214,12,12
422,0,1720043,215,12,12
422,0,1720192,216,12,12
422,0,1720305,217,12,12
422,0,1720429,218,12,12
422,0,1720565,219,12,12
422,0,1720839,220,12,12
422,0,1720975,221,12,12
422,0,1721140,222,12,12
422,0,1721276,223,12,12
422,0,1721393,224,12,12
422,0,1774988,225,12,12
422,0,1775237,226,12,12
422,0,1775366,227,12,12
422,0,1775478,228,12,12
422,0,1776396,229,13,13
422,0,1776571,230,13,13
422,0,1781221,231,13,13
422,0,1781923,232,13,13
422,0,1782022,233,13,13
422,0,1782126,234,13,13
422,0,1782240,235,13,13
422,0,1782348,236,13,13
422,0,1782458,237,13,13
422,0,1782576,238,13,13
422,0,1782837,239,13,13
422,0,1782953,240,13,13
422,0,1783047,241,13,13
422,0,1783164,242,13,13
422,0,1784510,243,13,13
422,0,1784643,244,13,13
422,0,1784764,245,13,13
420,0,1886674,82,3,3
420,0,1886728,83,3,3
420,0,1927562,84,3,3
420,0,1927889,85,3,3
419,0,1949113,90,4,4
419,0,1949499,91,4,4
419,0,1950500,92,5,5
419,0,1950676,93,5,5
419,0,1951047,94,5,5
419,0,1951160,95,5,5
419,0,1951534,96,5,5
419,0,1951642,97,5,5
419,0,1951943,98,5,5
419,0,1952056,99,5,5
419,0,1952172,100,5,5
419,0,1952307,101,5,5
419,0,1952553,102,5,5
419,0,1952665,103,5,5
419,0,1952928,104,5,5
419,0,1953047,105,5,5
419,0,1953167,106,5,5
419,0,1953437,107,5,5
419,0,1953561,108,5,5
419,0,1953688,109,5,5
419,0,1953963,110,5,5
419,0,1954079,111,5,5
419,0,1954198,112,5,5
419,0,1954322,113,5,5
419,0,1954461,114,5,5
419,0,1954573,115,5,5
419,0,1954716,116,5,5
419,0,1954835,117,5,5
419,0,1954951,118,5,5
419,0,1955070,119,5,5
419,0,1955206,120,5,5
419,0,1955334,121,5,5
419,0,1955458,122,5,5
419,0,1955631,123,5,5
419,0,1955851,124,5,5
419,0,1955975,125,5,5
419,0,1956106,126,5,5
419,0,1956229,127,5,5
419,0,1956372,128,5,5
419,0,1956492,129,5,5
419,0,1956616,130,5,5
419,0,1956736,131,5,5
419,0,1957028,132,5,5
419,0,1957140,133,5,5
419,0,1957260,134,5,5
419,0,1957384,135,5,5
419,0,1957522,136,5,5
419,0,1957646,137,5,5
419,0,1957777,138,5,5
419,0,1957905,139,5,5
419,0,1958040,140,5,5
419,0,1958171,141,5,5
419,0,1958302,142,5,5
419,0,1958434,143,5,5
419,0,1958565,144,5,5
419,0,1958701,145,5,5
419,0,1958839,146,5,5
419,0,1958967,147,5,5
419,0,1959368,148,5,5
419,0,1959492,149,5,5
419,0,1963824,150,5,5
419,0,1963931,151,5,5
419,0,1968379,152,5,5
419,0,1968484,153,5,5
421,1,1981518,11,1,1
422,0,2005209,246,13,13
422,0,2005350,247,13,13
422,0,2005497,248,13,13
422,0,2005615,249,13,13
422,0,2006516,250,14,14
422,0,2006781,251,14,14
421,0,2058281,7,1,1
418,1,2107684,22,4,4
418,0,2125969,13,2,2
422,1,2107439,44,4,4
422,1,2107517,45,4,4
422,1,2111777,46,4,4
421,1,2137666,12,2,2
419,1,2180601,19,3,3
422,0,2196360,252,14,14
422,0,2196454,253,14,14
422,0,2196567,254,14,14
422,0,2196676,255,14,14
422,0,2197570,256,15,15
422,0,2197632,257,15,15
422,0,2197744,258,15,15
422,0,2197881,259,15,15
422,0,2198006,260,15,15
422,0,2198267,261,15,15
422,0,2198400,262,15,15
422,0,2198541,263,15,15
422,0,2198665,264,15,15
422,0,2198798,265,15,15
422,0,2199059,266,15,15
422,0,2199184,267,15,15
422,0,2199317,268,15,15
422,0,2199582,269,15,15
422,0,2199710,270,15,15
422,0,2199843,271,15,15
422,0,2200222,272,15,15
422,0,2200346,273,15,15
422,0,2200483,274,15,15
422,0,2200736,275,15,15
422,0,2200853,276,15,15
422,0,2200982,277,15,15
422,0,2201115,278,15,15
422,0,2201247,279,15,15
422,0,2201388,280,15,15
422,0,2201517,281,15,15
422,0,2201646,282,15,15
422,0,2201911,283,15,15
422,0,2202036,284,15,15
422,0,2202164,285,15,15
422,0,2202301,286,15,15
422,0,2202437,287,15,15
422,0,2202566,288,15,15
422,0,2202711,289,15,15
422,0,2202839,290,15,15
422,0,2202963,291,15,15
422,0,2203097,292,15,15
422,0,2203229,293,15,15
422,0,2203366,294,15,15
422,0,2203494,295,15,15
422,0,2203627,296,15,15
422,0,2203759,297,15,15
422,0,2203896,298,15,15
422,0,2204036,299,15,15
422,0,2204196,300,15,15
422,0,2204321,301,15,15
422,0,2204457,302,15,15
422,0,2204587,303,15,15
422,0,2204835,304,15,15
422,0,2204980,305,15,15
422,0,2205117,306,15,15
422,0,2205273,307,15,15
422,0,2205398,308,15,15
422,0,2205527,309,15,15
422,0,2205663,310,15,15
422,0,2205811,311,15,15
422,0,2205947,312,15,15
422,0,2206076,313,15,15
422,0,2206205,314,15,15
422,0,2206458,315,15,15
422,0,2206583,316,15,15
422,0,2206724,317,15,15
422,0,2206868,318,15,15
422,0,2207067,319,15,15
422,0,2207211,320,15,15
422,0,2207352,321,15,15
422,0,2207629,322,15,15
422,0,2207750,323,15,15
422,0,2207875,324,15,15
422,0,2208027,325,15,15
422,0,2208167,326,15,15
422,0,2208308,327,15,15
422,0,2208483,328,15,15
422,0,2208616,329,15,15
422,0,2208733,330,15,15
422,0,2208865,331,15,15
422,0,2209138,332,15,15
422,0,2209275,333,15,15
422,0,2209403,334,15,15
422,0,2209548,335,15,15
422,0,2209685,336,15,15
422,0,2209813,337,15,15
422,0,2210012,338,15,15
422,0,2210274,339,15,15
422,0,2210410,340,15,15
422,0,2210539,341,15,15
422,0,2210644,342,15,15
422,0,2210785,343,15,15
422,0,2210945,344,15,15
420,0,2217972,86,4,4
422,0,2211159,345,15,15
422,0,2211315,346,15,15
422,0,2211362,347,15,15
422,0,2211697,348,15,15
422,0,2211986,349,15,15
420,0,2219136,87,4,4
422,0,2212259,350,15,15
422,0,2212388,351,15,15
422,1,2236680,47,4,4
422,1,2237944,48,5,5
418,0,2272910,14,2,2
418,0,2273591,15,2,2
418,1,2299008,23,4,4
418,1,2299379,24,4,4
418,1,2299896,25,4,4
418,1,2300240,26,4,4
422,0,2270096,352,15,15
422,0,2270158,353,15,15
422,0,2270240,354,15,15
422,0,2270458,355,15,15
422,0,2271388,356,16,16
420,0,2322165,88,4,4
419,0,2327758,154,5,5
419,0,2327859,155,5,5
422,0,2346276,357,16,16
422,0,2346393,358,16,16
422,0,2346518,359,16,16
422,0,2346643,360,16,16
422,0,2347556,361,17,17
422,0,2347611,362,17,17
422,0,2347736,363,17,17
422,0,2347868,364,17,17
422,0,2347997,365,17,17
422,0,2348247,366,17,17
422,0,2348371,367,17,17
422,0,2348499,368,17,17
422,0,2348617,369,17,17
422,0,2348762,370,17,17
422,0,2348887,371,17,17
422,0,2349019,372,17,17
422,0,2349135,373,17,17
422,0,2349277,374,17,17
422,0,2349402,375,17,17
422,0,2349546,376,17,17
422,0,2349670,377,17,17
422,0,2349807,378,17,17
422,0,2349947,379,17,17
420,1,2377543,22,4,4
422,0,2371650,380,17,17
422,0,2372009,381,17,17
422,0,2372139,382,17,17
422,0,2372251,383,17,17
422,0,2373165,384,18,18
422,0,2373265,385,18,18
422,0,2373387,386,18,18
422,0,2373516,387,18,18
422,0,2373644,388,18,18
422,0,2373773,389,18,18
422,0,2373910,390,18,18
422,0,2374038,391,18,18
422,0,2374163,392,18,18
420,0,2446582,89,4,4
422,0,2483701,393,18,18
422,0,2483815,394,18,18
422,0,2483936,395,18,18
422,0,2484045,396,18,18
422,0,2484974,397,19,19
422,0,2484997,398,19,19
422,0,2485117,399,19,19
422,0,2485238,400,19,19
422,0,2485371,401,19,19
422,0,2485484,402,19,19
418,0,2653599,16,3,3
422,0,2635740,403,19,19
422,0,2635853,404,19,19
422,0,2635970,405,19,19
422,0,2636274,406,19,19
422,0,2637184,407,20,20
422,0,2637282,408,20,20
422,0,2637410,409,20,20
422,0,2637554,410,20,20
422,0,2637683,411,20,20
422,0,2637816,412,20,20
422,0,2638076,413,20,20
422,0,2638205,414,20,20
422,0,2638339,415,20,20
422,0,2638464,416,20,20
422,0,2638600,417,20,20
422,0,2638736,418,20,20
422,0,2638866,419,20,20
422,0,2638998,420,20,20
422,0,2639130,421,20,20
422,0,2639275,422,20,20
422,0,2639404,423,20,20
422,0,2639552,424,20,20
422,0,2639684,425,20,20
422,0,2639821,426,20,20
422,0,2639953,427,20,20
422,0,2648653,428,20,20
422,0,2648747,429,20,20
422,0,2648859,430,20,20
422,0,2648970,431,20,20
422,0,2649219,432,20,20
422,0,2649328,433,20,20
422,0,2649453,434,20,20
422,0,2649578,435,20,20
422,0,2649699,436,20,20
422,0,2649831,437,20,20
422,0,2649956,438,20,20
422,0,2650070,439,20,20
422,0,2650318,440,20,20
422,0,2650443,441,20,20
422,0,2650560,442,20,20
422,0,2656514,443,20,20
422,0,2656830,444,20,20
422,0,2656940,445,20,20
422,0,2657180,446,20,20
422,0,2658472,447,21,21
422,0,2662782,448,21,21
422,0,2662888,449,21,21
422,0,2663005,450,21,21
422,0,2663110,451,21,21
422,0,2663231,452,21,21
422,0,2663356,453,21,21
422,0,2663477,454,21,21
422,0,2663606,455,21,21
422,0,2663856,456,21,21
422,0,2663976,457,21,21
422,0,2664104,458,21,21
422,0,2664229,459,21,21
422,0,2668185,460,21,21
422,0,2668306,461,21,21
422,0,2668420,462,21,21
422,0,2668755,463,21,21
422,0,2668879,464,21,21
422,0,2669024,465,21,21
422,0,2669145,466,21,21
422,0,2669320,467,21,21
422,0,2669589,468,21,21
422,0,2669707,469,21,21
422,0,2669831,470,21,21
422,1,2693729,49,5,5
422,1,2693958,50,5,5
421,0,2735953,8,1,1
422,0,2743417,471,21,21
422,0,2743527,472,21,21
422,0,2743652,473,21,21
422,0,2744100,474,21,21
422,0,2745021,475,22,22
422,0,2745122,476,22,22
422,0,2745275,477,22,22
422,0,2745517,478,22,22
422,0,2745645,479,22,22
420,0,2773540,90,4,4
420,0,2774719,91,4,4
420,0,2775611,92,5,5
420,0,2775626,93,5,5
420,0,2775729,94,5,5
420,0,2775943,95,5,5
420,0,2776042,96,5,5
420,0,2776144,97,5,5
420,0,2776244,98,5,5
420,0,2776480,99,5,5
420,0,2776579,100,5,5
420,0,2776686,101,5,5
420,0,2776793,102,5,5
420,0,2777018,103,5,5
420,0,2777116,104,5,5
420,0,2777224,105,5,5
420,0,2777338,106,5,5
420,0,2777456,107,5,5
420,0,2777563,108,5,5
420,0,2777677,109,5,5
420,0,2777777,110,5,5
420,0,2777906,111,5,5
420,0,2778013,112,5,5
420,0,2778120,113,5,5
420,0,2778356,114,5,5
420,0,2778463,115,5,5
420,0,2778577,116,5,5
420,0,2779027,117,5,5
420,0,2779126,118,5,5
420,0,2779233,119,5,5
420,0,2779343,120,5,5
420,0,2779458,121,5,5
420,0,2779820,122,5,5
420,0,2779927,123,5,5
420,0,2780041,124,5,5
420,0,2780151,125,5,5
420,0,2780487,126,5,5
420,0,2780598,127,5,5
420,0,2780708,128,5,5
420,0,2780823,129,5,5
420,0,2780952,130,5,5
420,0,2781071,131,5,5
420,0,2781180,132,5,5
420,0,2791327,133,5,5
420,0,2791854,134,5,5
420,0,2791945,135,5,5
420,0,2793657,136,5,5
420,0,2794179,137,5,5
420,0,2795579,138,5,5
420,0,2795666,139,5,5
422,0,2793459,480,22,22
422,0,2793564,481,22,22
422,0,2793669,482,22,22
422,0,2794945,483,22,22
422,0,2795862,484,23,23
422,1,2807918,51,5,5
418,0,2860881,17,3,3
418,0,2861042,18,3,3
418,0,2861167,19,3,3
422,0,2905098,485,23,23
422,0,2905191,486,23,23
422,0,2905351,487,23,23
422,0,2905410,488,23,23
422,0,2906311,489,24,24
422,0,2906342,490,24,24
422,0,2906814,491,24,24
422,0,2906935,492,24,24
422,0,2907053,493,24,24
422,0,2907165,494,24,24
422,0,2907301,495,24,24
422,0,2907435,496,24,24
422,0,2907559,497,24,24
422,0,2909272,498,24,24
422,0,2909405,499,24,24
422,0,2909635,500,24,24
422,0,2909767,501,24,24
422,0,2909896,502,24,24
420,1,2916611,23,4,4
422,0,2910032,503,24,24
420,0,2963470,140,5,5
420,0,2964439,141,5,5
420,0,2965360,142,6,6
420,0,2965414,143,6,6
420,0,2965517,144,6,6
420,0,2965620,145,6,6
420,0,2965841,146,6,6
420,0,2965941,147,6,6
420,0,2966039,148,6,6
420,0,2966172,149,6,6
420,0,2966280,150,6,6
420,0,2966390,151,6,6
420,0,2966493,152,6,6
420,0,2966737,153,6,6
420,0,2966837,154,6,6
420,0,2966943,155,6,6
420,0,2967058,156,6,6
420,0,2967176,157,6,6
420,0,2967286,158,6,6
420,0,2967394,159,6,6
420,0,2967512,160,6,6
420,0,2967737,161,6,6
420,0,2967842,162,6,6
420,0,2967954,163,6,6
420,0,2968065,164,6,6
420,0,2968198,165,6,6
420,0,2968320,166,6,6
420,0,2968430,167,6,6
420,0,2968541,168,6,6
420,0,2968903,169,6,6
420,0,2969007,170,6,6
420,0,2969112,171,6,6
420,0,3049009,172,6,6
420,0,3049135,173,6,6
420,0,3051457,174,6,6
420,0,3051552,175,6,6
420,0,3055223,176,7,7
420,0,3056002,177,7,7
420,0,3056123,178,7,7
420,0,3056227,179,7,7
420,0,3056330,180,7,7
420,0,3056441,181,7,7
420,0,3056501,182,7,7
420,0,3056570,183,7,7
420,0,3056654,184,7,7
422,0,3105175,504,24,24
422,0,3105394,505,24,24
422,0,3105491,506,24,24
422,0,3105604,507,24,24
422,0,3109954,508,25,25
422,0,3110375,509,25,25
422,0,3110480,510,25,25
422,0,3110601,511,25,25
422,0,3110729,512,25,25
422,0,3110850,513,25,25
422,0,3110975,514,25,25
422,0,3111108,515,25,25
422,0,3116447,516,25,25
422,0,3116561,517,25,25
422,0,3116670,518,25,25
422,0,3116803,519,25,25
422,0,3116912,520,25,25
422,0,3117033,521,25,25
422,0,3117154,522,25,25
422,0,3117395,523,25,25
422,0,3117512,524,25,25
422,0,3117657,525,25,25
422,0,3117762,526,25,25
422,0,3118005,527,25,25
422,0,3118176,528,25,25
422,0,3118246,529,25,25
422,0,3118383,530,25,25
422,0,3118500,531,25,25
422,0,3123649,532,25,25
422,0,3123770,533,25,25
422,0,3123891,534,25,25
422,0,3124016,535,25,25
422,0,3124132,536,25,25
422,0,3124269,537,25,25
422,0,3124659,538,25,25
422,0,3124784,539,25,25
422,0,3124831,540,25,25
422,0,3125042,541,25,25
422,0,3125143,542,25,25
422,0,3125292,543,25,25
422,0,3125424,544,25,25
422,0,3125685,545,25,25
422,0,3125958,546,25,25
422,0,3126266,547,25,25
422,0,3126380,548,25,25
420,0,3137890,185,7,7
420,0,3138989,186,7,7
420,0,3139099,187,7,7
420,0,3139214,188,7,7
419,0,3141028,156,5,5
422,1,3133373,52,5,5
419,0,3141604,157,5,5
420,0,3140151,189,8,8
422,1,3134290,53,6,6
419,0,3142845,158,6,6
419,0,3142871,159,6,6
420,0,3141307,190,8,8
419,0,3142975,160,6,6
420,0,3141417,191,8,8
420,0,3141493,192,8,8
420,0,3141551,193,8,8
419,0,3143241,161,6,6
420,0,3141661,194,8,8
419,0,3143346,162,6,6
420,0,3141768,195,8,8
419,0,3143457,163,6,6
420,0,3141878,196,8,8
420,0,3141989,197,8,8
420,0,3142050,198,8,8
419,0,3143859,164,6,6
419,0,3143963,165,6,6
419,0,3144079,166,6,6
419,0,3144203,167,6,6
419,0,3144318,168,6,6
419,0,3144445,169,6,6
419,0,3144569,170,6,6
419,0,3144968,171,6,6
419,0,3145083,172,6,6
419,0,3145199,173,6,6
419,0,3145337,174,6,6
419,0,3145461,175,6,6
419,0,3145581,176,6,6
419,0,3145701,177,6,6
419,0,3145975,178,6,6
419,0,3146083,179,6,6
419,0,3148949,180,6,6
419,0,3149057,181,6,6
422,1,3140927,54,6,6
419,0,3149165,182,6,6
419,0,3149316,183,6,6
419,0,3149408,184,6,6
419,0,3149508,185,6,6
419,0,3150941,186,6,6
419,0,3151575,187,6,6
419,0,3151686,188,6,6
419,0,3157351,189,6,6
419,0,3157598,190,6,6
419,0,3157706,191,6,6
419,0,3157829,192,6,6
419,0,3157942,193,6,6
419,0,3158201,194,6,6
419,0,3158300,195,6,6
419,0,3158401,196,6,6
419,0,3158506,197,6,6
419,0,3158614,198,6,6
419,0,3158733,199,6,6
419,0,3158853,200,6,6
419,0,3158972,201,6,6
422,0,3174841,549,25,25
422,0,3174939,550,25,25
422,0,3175071,551,25,25
422,0,3175325,552,25,25
422,0,3176235,553,26,26
422,0,3176351,554,26,26
422,0,3176483,555,26,26
422,0,3176621,556,26,26
422,0,3176741,557,26,26
419,1,3185007,20,4,4
422,0,3176869,558,26,26
422,0,3177011,559,26,26
422,0,3177143,560,26,26
422,0,3177276,561,26,26
422,0,3177404,562,26,26
422,0,3177669,563,26,26
422,0,3177794,564,26,26
422,0,3177919,565,26,26
422,0,3178052,566,26,26
422,0,3178184,567,26,26
422,0,3178309,568,26,26
422,0,3178445,569,26,26
419,0,3210577,202,6,6
419,0,3210688,203,6,6
422,0,3301506,570,26,26
422,0,3301614,571,26,26
422,0,3301728,572,26,26
422,0,3301837,573,26,26
422,0,3302863,574,27,27
422,0,3302968,575,27,27
422,0,3303093,576,27,27
422,0,3303237,577,27,27
422,0,3303382,578,27,27
422,0,3303640,579,27,27
422,0,3303780,580,27,27
422,0,3303932,581,27,27
422,0,3304185,582,27,27
422,0,3304451,583,27,27
422,0,3304587,584,27,27
422,0,3304720,585,27,27
422,0,3304852,586,27,27
422,0,3304992,587,27,27
422,0,3305133,588,27,27
422,0,3305266,589,27,27
422,0,3305406,590,27,27
422,0,3305554,591,27,27
422,0,3305703,592,27,27
422,0,3305839,593,27,27
422,0,3305976,594,27,27
422,0,3306131,595,27,27
422,0,3306296,596,27,27
422,0,3306443,597,27,27
422,0,3306600,598,27,27
422,0,3306881,599,27,27
422,0,3307040,600,27,27
422,0,3307176,601,27,27
422,0,3307301,602,27,27
422,0,3307618,603,27,27
422,0,3307782,604,27,27
422,0,3308036,605,27,27
422,0,3308297,606,27,27
422,0,3308409,607,27,27
422,0,3308573,608,27,27
422,0,3308683,609,27,27
422,0,3308932,610,27,27
422,0,3309084,611,27,27
419,1,3356007,21,4,4
419,0,3364704,204,6,6
419,0,3364807,205,6,6
419,0,3365813,206,7,7
419,0,3369213,207,7,7
419,0,3369310,208,7,7
419,0,3369445,209,7,7
419,0,3369545,210,7,7
419,0,3369650,211,7,7
419,0,3369882,212,7,7
419,0,3369986,213,7,7
419,0,3370086,214,7,7
419,0,3370202,215,7,7
419,0,3370318,216,7,7
419,0,3370430,217,7,7
419,0,3370537,218,7,7
419,0,3370653,219,7,7
419,0,3370769,220,7,7
419,0,3370913,221,7,7
419,0,3371029,222,7,7
419,0,3371145,223,7,7
419,0,3371264,224,7,7
419,0,3371383,225,7,7
419,0,3371523,226,7,7
419,0,3371646,227,7,7
419,0,3371801,228,7,7
419,0,3371928,229,7,7
419,0,3372063,230,7,7
419,0,3372194,231,7,7
419,0,3372334,232,7,7
419,0,3372461,233,7,7
419,0,3372580,234,7,7
419,0,3372701,235,7,7
419,0,3372971,236,7,7
419,0,3373090,237,7,7
419,0,3373214,238,7,7
419,0,3373349,239,7,7
419,0,3373480,240,7,7
419,0,3373608,241,7,7
419,0,3373731,242,7,7
419,0,3373867,243,7,7
419,0,3373995,244,7,7
419,0,3374156,245,7,7
419,0,3374276,246,7,7
419,0,3374407,247,7,7
419,0,3374566,248,7,7
419,0,3374690,249,7,7
419,0,3375628,250,7,7
419,0,3375752,251,7,7
419,0,3376057,252,7,7
419,0,3376173,253,7,7
420,0,3401744,199,8,8
420,0,3401797,200,8,8
420,0,3402323,201,8,8
420,0,3402518,202,8,8
420,0,3403414,203,9,9
420,0,3403426,204,9,9
420,0,3403631,205,9,9
420,0,3403876,206,9,9
420,0,3403978,207,9,9
420,0,3404192,208,9,9
420,0,3404295,209,9,9
420,0,3407341,210,9,9
420,0,3407414,211,9,9
420,0,3407533,212,9,9
422,0,3404841,612,27,27
422,0,3404943,613,27,27
422,0,3405056,614,27,27
422,0,3405172,615,27,27
422,0,3406094,616,28,28
422,0,3406106,617,28,28
422,0,3406168,618,28,28
422,0,3406359,619,28,28
422,0,3406487,620,28,28
422,0,3406620,621,28,28
422,0,3406885,622,28,28
422,0,3407022,623,28,28
422,0,3407155,624,28,28
422,0,3407224,625,28,28
422,0,3407303,626,28,28
422,0,3407439,627,28,28
422,0,3407599,628,28,28
422,0,3407736,629,28,28
422,0,3408028,630,28,28
422,0,3408161,631,28,28
422,0,3408285,632,28,28
422,0,3408434,633,28,28
422,0,3408594,634,28,28
422,0,3408731,635,28,28
422,0,3408875,636,28,28
422,0,3409024,637,28,28
422,0,3409160,638,28,28
422,0,3409444,639,28,28
422,0,3409581,640,28,28
422,0,3409710,641,28,28
422,0,3409908,642,28,28
422,0,3410068,643,28,28
422,0,3410190,644,28,28
422,0,3410307,645,28,28
420,0,3418532,213,9,9
420,0,3418636,214,9,9
420,0,3418739,215,9,9
420,0,3418827,216,9,9
420,0,3418907,217,9,9
420,0,3419147,218,9,9
420,0,3419269,219,9,9
420,0,3419357,220,9,9
420,0,3419670,221,9,9
420,0,3419761,222,9,9
420,0,3419865,223,9,9
420,0,3419960,224,9,9
420,0,3420062,225,9,9
420,0,3420185,226,9,9
420,0,3420288,227,9,9
420,0,3420395,228,9,9
420,0,3420500,229,9,9
420,0,3420619,230,9,9
420,0,3420730,231,9,9
420,0,3420833,232,9,9
420,0,3420947,233,9,9
420,0,3421054,234,9,9
420,0,3421165,235,9,9
420,0,3421272,236,9,9
420,0,3421393,237,9,9
420,0,3421504,238,9,9
420,0,3421606,239,9,9
420,0,3421829,240,9,9
420,0,3421942,241,9,9
420,0,3422049,242,9,9
420,0,3422160,243,9,9
420,0,3422274,244,9,9
420,0,3422397,245,9,9
420,0,3422511,246,9,9
420,0,3422625,247,9,9
420,0,3422732,248,9,9
420,0,3422957,249,9,9
420,0,3423072,250,9,9
420,0,3423978,251,10,10
420,0,3424013,252,10,10
420,0,3424128,253,10,10
420,0,3424249,254,10,10
420,0,3424360,255,10,10
420,0,3424483,256,10,10
420,0,3424601,257,10,10
420,0,3424711,258,10,10
420,0,3424826,259,10,10
420,0,3424936,260,10,10
420,0,3425067,261,10,10
420,0,3425173,262,10,10
420,0,3425288,263,10,10
420,0,3425397,264,10,10
420,0,3425516,265,10,10
420,0,3425627,266,10,10
420,0,3425737,267,10,10
420,0,3425848,268,10,10
420,0,3425974,269,10,10
420,0,3426076,270,10,10
420,0,3426191,271,10,10
420,0,3426301,272,10,10
420,0,3426435,273,10,10
420,0,3426545,274,10,10
421,0,3426695,9,1,1
420,0,3426653,275,10,10
420,0,3426762,276,10,10
420,0,3426884,277,10,10
420,0,3426992,278,10,10
420,0,3427105,279,10,10
420,0,3427220,280,10,10
420,0,3427339,281,10,10
420,0,3427452,282,10,10
420,0,3427563,283,10,10
420,0,3427678,284,10,10
420,0,3427906,285,10,10
420,0,3428028,286,10,10
420,0,3428296,287,10,10
420,0,3428399,288,10,10
420,0,3428516,289,10,10
420,0,3428776,290,10,10
420,0,3428875,291,10,10
420,0,3428982,292,10,10
420,0,3429092,293,10,10
420,0,3429219,294,10,10
420,0,3429332,295,10,10
420,0,3429447,296,10,10
420,0,3429550,297,10,10
420,0,3429691,298,10,10
420,0,3429806,299,10,10
420,0,3429932,300,10,10
420,0,3430045,301,10,10
420,0,3430469,302,10,10
420,0,3431011,303,10,10
420,0,3431693,304,10,10
419,0,3438083,254,7,7
420,0,3441617,305,10,10
420,0,3441778,306,10,10
420,0,3441865,307,10,10
420,0,3441968,308,10,10
420,0,3442071,309,10,10
420,0,3442358,310,10,10
420,0,3442445,311,10,10
419,0,3458013,255,7,7
420,1,3460229,24,4,4
420,1,3460244,25,4,4
419,0,3467174,256,7,7
419,0,3467445,257,7,7
419,0,3468350,258,8,8
419,0,3468362,259,8,8
419,0,3468456,260,8,8
419,0,3468553,261,8,8
419,0,3468703,262,8,8
419,0,3468815,263,8,8
419,0,3468936,264,8,8
419,0,3469159,265,8,8
419,0,3469259,266,8,8
419,0,3469368,267,8,8
419,0,3469484,268,8,8
419,0,3469606,269,8,8
419,0,3469723,270,8,8
419,0,3469835,271,8,8
419,0,3470201,272,8,8
419,0,3470325,273,8,8
419,0,3470441,274,8,8
419,0,3470564,275,8,8
419,0,3470685,276,8,8
419,0,3470800,277,8,8
419,0,3470923,278,8,8
422,0,3462839,646,28,28
422,0,3462952,647,28,28
419,0,3471063,279,8,8
422,0,3463069,648,28,28
419,0,3471186,280,8,8
422,0,3463218,649,28,28
419,0,3471306,281,8,8
419,0,3471433,282,8,8
419,0,3471560,283,8,8
419,0,3471688,284,8,8
419,0,3471815,285,8,8
419,0,3471939,286,8,8
419,0,3472063,287,8,8
419,0,3472198,288,8,8
422,0,3464131,650,29,29
422,0,3464193,651,29,29
419,0,3472325,289,8,8
422,0,3464329,652,29,29
419,0,3472460,290,8,8
422,0,3464469,653,29,29
419,0,3472584,291,8,8
419,0,3472711,292,8,8
419,0,3472839,293,8,8
422,0,3464755,654,29,29
422,0,3464876,655,29,29
419,0,3472974,294,8,8
419,0,3473117,295,8,8
419,0,3473245,296,8,8
419,0,3473380,297,8,8
419,0,3473511,298,8,8
419,0,3473649,299,8,8
419,0,3473784,300,8,8
419,0,3473916,301,8,8
419,0,3474048,302,8,8
419,0,3474179,303,8,8
419,0,3474256,304,8,8
420,1,3472649,26,5,5
419,0,3474715,305,8,8
419,0,3474843,306,8,8
419,0,3474974,307,8,8
419,0,3475117,308,8,8
419,0,3475249,309,8,8
419,0,3475380,310,8,8
419,0,3475515,311,8,8
419,0,3475654,312,8,8
419,0,3475789,313,8,8
419,0,3475920,314,8,8
419,0,3476050,315,8,8
419,0,3476198,316,8,8
419,0,3476364,317,8,8
419,0,3476495,318,8,8
419,0,3476623,319,8,8
419,0,3476785,320,8,8
419,0,3476913,321,8,8
419,0,3477040,322,8,8
419,0,3477198,323,8,8
419,0,3477328,324,8,8
419,0,3477459,325,8,8
419,0,3477526,326,8,8
419,0,3477618,327,8,8
419,0,3477746,328,8,8
419,0,3477877,329,8,8
419,0,3478028,330,8,8
419,0,3478182,331,8,8
419,0,3478309,332,8,8
419,0,3478414,333,8,8
419,0,3478599,334,8,8
419,0,3478746,335,8,8
419,0,3478893,336,8,8
419,0,3479090,337,8,8
419,0,3479225,338,8,8
420,0,3483568,312,10,10
419,0,3489649,339,8,8
419,0,3489754,340,8,8
419,0,3490317,341,8,8
419,0,3490467,342,8,8
419,0,3491407,343,9,9
419,0,3492480,344,9,9
419,0,3492645,345,9,9
422,0,3503038,656,29,29
422,0,3503151,657,29,29
422,0,3503268,658,29,29
422,0,3503385,659,29,29
422,0,3504310,660,30,30
422,0,3504427,661,30,30
422,0,3504571,662,30,30
422,0,3504718,663,30,30
422,0,3504860,664,30,30
422,0,3505000,665,30,30
422,0,3505148,666,30,30
422,0,3505311,667,30,30
422,0,3505440,668,30,30
422,0,3505589,669,30,30
422,0,3505729,670,30,30
422,0,3505873,671,30,30
422,0,3506026,672,30,30
422,0,3506166,673,30,30
422,0,3506306,674,30,30
422,0,3506447,675,30,30
422,0,3506580,676,30,30
422,0,3506727,677,30,30
422,0,3506876,678,30,30
422,0,3507027,679,30,30
422,0,3507195,680,30,30
422,0,3507340,681,30,30
422,0,3507570,682,30,30
422,0,3507745,683,30,30
422,0,3507881,684,30,30
422,0,3508015,685,30,30
422,0,3508155,686,30,30
422,0,3508288,687,30,30
422,0,3508428,688,30,30
422,0,3508560,689,30,30
422,0,3508694,690,30,30
422,0,3508834,691,30,30
422,0,3508966,692,30,30
422,0,3509041,693,30,30
422,0,3509239,694,30,30
422,0,3509392,695,30,30
422,0,3509774,696,30,30
422,0,3509972,697,30,30
422,0,3510109,698,30,30
419,1,3527281,22,4,4
420,0,3538562,313,10,10
420,0,3538897,314,10,10
422,0,3540432,699,30,30
422,0,3540561,700,30,30
422,0,3540670,701,30,30
422,0,3540780,702,30,30
422,0,3541626,703,31,31
422,0,3541747,704,31,31
422,0,3541879,705,31,31
422,0,3542000,706,31,31
422,0,3542129,707,31,31
422,0,3542258,708,31,31
422,0,3542386,709,31,31
422,0,3542523,710,31,31
422,0,3542656,711,31,31
422,0,3542780,712,31,31
422,0,3542936,713,31,31
422,0,3543073,714,31,31
422,0,3544037,715,31,31
422,1,3557154,55,6,6
422,1,3557229,56,6,6
422,1,3557330,57,6,6
422,1,3557518,58,6,6
422,1,3558416,59,7,7
420,1,3614748,27,5,5
420,1,3616739,28,5,5
420,0,3637057,315,10,10
420,0,3637963,316,11,11
422,0,3660650,716,31,31
422,0,3660771,717,31,31
422,0,3660884,718,31,31
422,0,3661004,719,31,31
422,0,3661876,720,32,32
422,0,3662195,721,32,32
422,0,3662955,722,32,32
420,0,3673707,317,11,11
420,0,3673851,318,11,11
420,0,3674023,319,11,11
420,0,3674256,320,11,11
422,0,3716366,723,32,32
422,0,3716475,724,32,32
422,0,3716577,725,32,32
422,0,3716686,726,32,32
422,0,3717716,727,33,33
422,0,3717860,728,33,33
422,0,3717989,729,33,33
422,0,3718122,730,33,33
422,0,3718254,731,33,33
422,0,3718394,732,33,33
422,0,3718526,733,33,33
422,0,3718667,734,33,33
422,0,3718804,735,33,33
422,0,3718944,736,33,33
422,0,3719085,737,33,33
422,0,3719218,738,33,33
422,0,3719354,739,33,33
422,0,3719490,740,33,33
422,0,3719647,741,33,33
422,0,3719776,742,33,33
422,0,3725638,743,33,33
422,0,3725751,744,33,33
422,0,3725880,745,33,33
422,0,3726020,746,33,33
422,0,3726138,747,33,33
422,0,3726367,748,33,33
422,0,3726488,749,33,33
422,0,3726699,750,33,33
422,0,3726727,751,33,33
422,0,3726871,752,33,33
422,0,3727350,753,33,33
422,0,3732438,754,33,33
422,0,3732543,755,33,33
422,0,3733004,756,33,33
418,0,3766435,20,3,3
422,0,3733261,757,33,33
418,0,3767306,21,4,4
418,0,3767398,22,4,4
418,0,3767520,23,4,4
418,0,3767636,24,4,4
418,0,3767766,25,4,4
418,0,3767886,26,4,4
418,0,3768004,27,4,4
418,0,3768122,28,4,4
418,0,3768231,29,4,4
418,0,3768348,30,4,4
418,0,3768478,31,4,4
418,0,3768592,32,4,4
418,0,3768724,33,4,4
422,0,3735442,758,33,33
418,0,3768850,34,4,4
422,0,3735550,759,33,33
418,0,3768968,35,4,4
422,0,3735671,760,33,33
418,0,3769108,36,4,4
422,0,3735804,761,33,33
418,0,3769229,37,4,4
418,0,3769344,38,4,4
418,0,3769452,39,4,4
418,0,3769578,40,4,4
418,0,3769696,41,4,4
422,0,3736354,762,33,33
418,0,3769821,42,4,4
418,0,3769937,43,4,4
418,0,3770063,44,4,4
418,0,3770188,45,4,4
418,0,3770317,46,4,4
418,0,3770450,47,4,4
418,0,3770575,48,4,4
418,0,3770701,49,4,4
418,0,3770819,50,4,4
418,0,3770940,51,4,4
418,0,3771065,52,4,4
418,0,3771187,53,4,4
418,0,3771308,54,4,4
418,0,3771425,55,4,4
418,0,3771570,56,4,4
418,0,3771692,57,4,4
418,0,3771813,58,4,4
418,0,3771942,59,4,4
418,0,3772067,60,4,4
422,0,3738773,763,33,33
418,0,3772193,61,4,4
422,0,3738886,764,33,33
418,0,3772322,62,4,4
422,0,3739011,765,33,33
418,0,3772451,63,4,4
422,0,3739132,766,33,33
418,0,3772572,64,4,4
418,0,3772712,65,4,4
418,0,3772843,66,4,4
418,0,3772967,67,4,4
418,0,3773112,68,4,4
418,0,3773264,69,4,4
418,0,3773398,70,4,4
422,0,3740064,767,34,34
418,0,3773535,71,4,4
422,0,3740173,768,34,34
418,0,3773668,72,4,4
418,0,3773813,73,4,4
418,0,3773946,74,4,4
418,0,3774106,75,4,4
418,0,3774259,76,4,4
418,0,3774368,77,4,4
418,0,3774490,78,4,4
418,0,3774615,79,4,4
418,0,3774740,80,4,4
418,0,3774862,81,4,4
418,0,3774995,82,4,4
418,0,3775124,83,4,4
418,0,3775260,84,4,4
418,0,3775621,85,4,4
418,0,3775746,86,4,4
418,0,3775875,87,4,4
418,0,3776004,88,4,4
418,0,3776145,89,4,4
418,0,3776274,90,4,4
418,0,3776407,91,4,4
418,0,3776536,92,4,4
418,0,3776673,93,4,4
422,0,3743361,769,34,34
418,0,3776802,94,4,4
418,0,3776955,95,4,4
418,0,3777088,96,4,4
418,0,3777214,97,4,4
418,0,3777350,98,4,4
418,0,3777491,99,4,4
418,0,3777625,100,4,4
418,0,3777765,101,4,4
418,0,3777913,102,4,4
418,0,3778086,103,4,4
418,0,3778254,104,4,4
418,0,3778309,105,4,4
418,0,3778422,106,4,4
418,0,3778555,107,4,4
418,0,3778727,108,4,4
418,0,3778927,109,4,4
418,0,3779013,110,4,4
418,0,3779138,111,4,4
418,0,3779283,112,4,4
418,0,3779420,113,4,4
418,0,3779647,114,4,4
418,0,3779795,115,4,4
418,0,3779940,116,4,4
418,0,3780159,117,4,4
418,0,3780363,118,4,4
418,0,3780496,119,4,4
418,0,3780629,120,4,4
420,0,3753596,321,12,12
420,0,3753630,322,12,12
418,0,3780769,121,4,4
418,0,3780891,122,4,4
418,0,3781161,123,4,4
418,0,3781294,124,4,4
420,0,3754218,323,12,12
418,0,3781439,125,4,4
418,0,3781572,126,4,4
418,0,3781729,127,4,4
420,0,3754660,324,12,12
418,0,3781869,128,4,4
420,0,3754775,325,12,12
420,0,3754886,326,12,12
418,0,3782034,129,4,4
420,0,3754954,327,12,12
420,0,3754992,328,12,12
420,0,3755054,329,12,12
418,0,3782178,130,4,4
420,0,3755122,330,12,12
420,0,3755225,331,12,12
418,0,3782429,131,4,4
420,0,3755339,332,12,12
420,0,3755453,333,12,12
420,0,3755565,334,12,12
418,0,3782722,132,4,4
420,0,3755682,335,12,12
418,0,3782833,133,4,4
420,0,3755786,336,12,12
418,0,3782969,134,4,4
420,0,3755895,337,12,12
418,0,3783137,135,4,4
420,0,3756034,338,12,12
418,0,3783313,136,4,4
420,0,3756209,339,12,12
418,0,3783489,137,4,4
418,0,3783712,138,4,4
420,0,3756613,340,12,12
418,0,3783873,139,4,4
420,0,3756963,341,12,12
418,0,3784131,140,4,4
420,0,3757075,342,12,12
420,0,3757189,343,12,12
420,0,3757322,344,12,12
420,0,3757456,345,12,12
420,0,3757788,346,12,12
420,0,3757967,347,12,12
420,0,3758062,348,12,12
420,0,3758173,349,12,12
420,0,3758611,350,12,12
420,0,3758874,351,12,12
420,0,3758996,352,12,12
420,0,3760838,353,12,12
420,0,3760971,354,12,12
420,0,3761105,355,12,12
418,0,3788705,141,4,4
418,0,3788837,142,4,4
418,0,3817172,143,4,4
418,0,3817310,144,4,4
418,0,3818238,145,5,5
418,0,3818358,146,5,5
418,0,3818487,147,5,5
418,0,3818612,148,5,5
418,0,3818719,149,5,5
418,0,3818867,150,5,5
418,0,3818999,151,5,5
418,0,3819110,152,5,5
418,0,3819227,153,5,5
422,0,3785752,770,34,34
418,0,3819336,154,5,5
422,0,3785841,771,34,34
422,0,3785938,772,34,34
418,0,3819454,155,5,5
422,0,3786044,773,34,34
418,0,3819575,156,5,5
418,0,3819705,157,5,5
418,0,3819834,158,5,5
418,0,3819959,159,5,5
418,0,3820096,160,5,5
418,0,3820225,161,5,5
418,0,3820382,162,5,5
422,0,3786957,774,35,35
418,0,3820498,163,5,5
422,0,3787020,775,35,35
418,0,3820628,164,5,5
422,0,3787234,776,35,35
418,0,3820875,165,5,5
422,0,3790866,777,35,35
422,0,3790983,778,35,35
422,0,3791225,779,35,35
418,0,3824836,166,5,5
418,0,3824914,167,5,5
418,0,3825036,168,5,5
418,0,3825129,169,5,5
418,0,3825263,170,5,5
418,0,3835489,171,5,5
418,0,3835701,172,5,5
418,0,3837563,173,5,5
418,0,3837697,174,5,5
418,0,3837814,175,5,5
418,0,3837942,176,5,5
418,0,3838872,177,6,6
418,1,3856875,27,5,5
